elportu,,,,justindrewblake
_jorgeandres,,,,teab204
richardencanto,,,,reileesvedberg
midiostepague,,,,gabiisabel
dimejuniorjr,,,,karinandskylerofficial
mindo_el,,,,pypeher
katalinaoficial_,,,,iambeckydee
sophiat24,,,,hadleyclairee
kennyrobertpea,,,,nicoletv
isramy,,,,restable
yusnaby,,,,bigsaddymadi
roccibella,,,,maggiejaine
lennytavarez,,,,justjamiie
mayi_noval95,,,,troysellman
uncarlosextra,,,,aishasmiles
noeinfantee,,,,ericwakeham
williemgc,,,,carleybearden
erickdegomez5,,,,kayleighnphillips
lacapitaloficial,,,,chlo.money3
nicolasgermano,,,,otakoyakisoba
danydeglein,,,,miarylie
rafiladiosa,,,,sebasdion
confesados,,,,elladmason
gabrieliiin,,,,kjthelesbianpa
nataliagiraldo98,,,,sethxavier98
lasmariasofficial,,,,jesspottinger
walterf88,,,,andreaozco_
losbayoyas,,,,itsalexsworld
chrismint,,,,colin.shepherd
jesus.e.quinones,,,,savannahnrmn
rauwalejandro,,,,ronalda_14
paris_giltonn,,,,elixcintron
andyhilario,,,,allison_legere
hablame_menor,,,,cristiandennis
shyporter_,,,,katedanyy
norkysbatista,,,,selenagallow
imdjstyle,,,,raven.haired.beauty
laryovermusic,,,,brenleycarmine
marifer_2m,,,,abbieddixon
rebolaxe,,,,danymeza
willysantpr,,,,baileyfaunlarson
dylansfuentes,,,,adesso.laurenzo
javieriin_,,,,alexis_santiago
jaywheeler,,,,morganfkennedy
killadamente,,,,hope.bridgers
joelrandom2.0,,,,ayefisher
karlaloboo_,,,,emily_r_33
soyunputocristian,,,,haleyfaulkner
er_christian,,,,itis.kat
losparrasalv,,,,kasperrrrrrrrrrrr
teo.lavabo,,,,selabxby
pariscyn,,,,allisonxbeck
froggian,,,,_nickythomas
reneebellerive,,,,kayleekawaii
lillalove69420,,,,elliebrigida
donamaria.mbassat,,,,justellysa
groooovybaby,,,,imaristuart
arianathealien,,,,thatsusboi
greentwenty1,,,,zoestoller
user69yeeyee420,,,,sierradams
jax.wilson,,,,varsenex
see.en.uh,,,,jacobvanlue
guineapigluv3r,,,,jaelyndeshay
kazooofapathy,,,,okqueersten
beef402,,,,theprincessames
karaleighcannella,,,,alanahcole
hena.yng,,,,vitoriuh
drphil,,,,heathershawwww
theweeknd,,,,daddypurple
steveharvey,,,,lukaswitha.k
usher,,,,dnaofficial_
rachaelray,,,,aliyahamethyst
tyrabanks,,,,okokveronica
camilacabello,,,,skipchoir
jw_anderson,,,,thatpunkwitch
olivier_rousteing,,,,maseplace
marcanthony,,,,melystephy
daddyyankee,,,,maferyfernanda
halsey,,,,redmoon.in
brunomars,,,,alexa_and_maria_
samsmith,,,,delaneybbrownn
danielarsham,,,,kissyduerre
madonna,,,,lorenschaffer
katyperry,,,,mariadavidd
roddyricch,,,,ayeeitzmeaghan
eminemtoktik,,,,ellieeandlisa
lizzo,,,,oliviapanaccii
marshmellomusic,,,,cropttopboi
bryanboy,,,,jocelynclairereed
camerondiaz,,,,soymaaleja
officialreesetiktok,,,,miguelmase
djkhaled,,,,byniaromero
aliciakeys,,,,sabrinarchan
joejonas,,,,lukebarker0
coldplay,,,,urgirls_toothbrush
jonasbrothers,,,,
diplo,,,,
swaelee,,,,
tonesandi,,,,
kesha,,,,
billyraycyrus,,,,
thechainsmokers,,,,
calenfiut,,,,
unofficiallachwatson,,,,
whatitdolibbylou,,,,
e.streetcar,,,,
the.real.carl,,,,
aneurcyst,,,,
yungsvet91,,,,
dog_e_dog,,,,
ivnextinct,,,,
wrong_whole_,,,,
thendthendthend,,,,
nottripppppp,,,,
madisonveldman,,,,
dancinlight,,,,
violetbutnotaflower,,,,
kylieorc,,,,
dorianelectraofficial,,,,
urliability,,,,
jamiinthe541,,,,
geygreyisgaygay,,,,
zane4dayz,,,,
trippyleague,,,,
speckledbrownie,,,,
autumn_pandolfi,,,,
kikiyomimi_,,,,
gordonramsayofficial,,,,
willsmith,,,,
imkevinhart,,,,
selenagomez,,,,
usher,,,,
shakira,,,,
mariahcarey,,,,
arnoldschnitzel,,,,
georgelopez,,,,
dwyanewade,,,,
rachaelray,,,,
tyrabanks,,,,
camilacabello,,,,
halsey,,,,
brunomars,,,,
maroon5,,,,
blackeyedpeas,,,,
samsmith,,,,
danielarsham,,,,
madonna,,,,
katyperry,,,,
roddyricch,,,,
bryanboy,,,,
dojacat,,,,
tyga,,,,
ozuna,,,,
alexberns925,,,,
jaxonmoore12,,,,
ken.hall,,,,
lukeandaidan20,,,,
gaypage_,,,,
tw1nkrbell,,,,
scott.w.ellis,,,,
davidrambletttt,,,,
ky_user666420696969,,,,
jacksongreennn,,,,
trystanfraser,,,,
marcferrizzz,,,,
goosee,,,,
kylefare,,,,
lukegez,,,,
swagxymaxy,,,,
maxwellcockcroft,,,,
harrisonlawwwww,,,,
jordanlakex,,,,
iamperto,,,,
ryan202lef,,,,
alexwheeler711,,,,
bubblegumpeacok,,,,
charliebcx,,,,
jeremyriccii,,,,
santiagoaxel_,,,,
emma.lynnee,,,,
corybouthillette,,,,
gabriel.labranche,,,,
archiehalll,,,,
dylannkade,,,,
i8agiraffe,,,,
shaunyboii,,,,
dustindavis_,,,,
johnwoodhouse,,,,
kanehart1012,,,,
matthew.prevete,,,,
discobaby,,,,
johnny_boi321,,,,
patrick_s_pretty_world,,,,
irllylikebirds,,,,
tilly.lever,,,,
tyler.the.crater,,,,
drazenwilmers,,,,
wuhhappen,,,,
archiehalll,,,,
dylannkade,,,,
patrick_s_pretty_world,,,,
irllylikebirds,,,,
tilly.lever,,,,
tyler.the.crater,,,,
kylawaiters,,,,
axgelxox,,,,
hazelbolton1090,,,,
aezahh,,,,
miracolada,,,,
colormeboring,,,,
kayekashe,,,,
iwanthenickialbum,,,,
quelseyfuller,,,,
briitheedoll,,,,
nahlovingit,,,,
essiee.b,,,,
valerietaiylorr,,,,
chandler.r01,,,,
tsunadesyd,,,,
saebunny,,,,
theedutchess._,,,,
_keneko_,,,,
vogue.amari,,,,
nonbinanrymess,,,,
usernameneylan,,,,
ashadanielle5,,,,
stormie_lou,,,,
xsydneyy,,,,
stephxniegee,,,,
realavagalore,,,,
slickvicwilliams,,,,
remenicole,,,,
jadeameritv,,,,
jaziahvictor,,,,
nenebbyg,,,,
fiboonachi,,,,
ariieevanitii,,,,
yunghoneeyy,,,,
darkskincolonizer,,,,
vibewithlayy,,,,
jaylynnnicole1,,,,
iceydemi,,,,
itzkay.k,,,,
natildax,,,,
liyahh.tv,,,,
sunahoney,,,,
hunterodiass,,,,
ryaahashanii,,,,
ramonaes_,,,,
iaroh,,,,
cydypie,,,,
g.babylit,,,,
__queensie__,,,,
londynarianna,,,,
finestkid_brii,,,,
gordonramsayofficial,,,,
willsmith,,,,
imkevinhart,,,,
selenagomez,,,,
snoopdogg,,,,
justinbieber,,,,
dualipaofficial,,,,
therock,,,,
billnye,,,,
jbalvin,,,,
jlo,,,,
theweeknd,,,,
steveharvey,,,,
usher,,,,
shakira,,,,
mariahcarey,,,,
arnoldschnitzel,,,,
georgelopez,,,,
dwyanewade,,,,
rachaelray,,,,
daddyyankee,,,,
halsey,,,,
brunomars,,,,
maroon5,,,,
blackeyedpeas,,,,
samsmith,,,,
danielarsham,,,,
madonna,,,,
katyperry,,,,
imagine.matt,,,,
danstephens94,,,,
elliottshipman,,,,
kris.kross0,,,,
awmccall,,,,
josh.altruism,,,,
jefferinas,,,,
marcussobetsky,,,,
tommylee022,,,,
alloveranthony,,,,
cole_whittlesey,,,,
blakesaunders,,,,
colliballa,,,,
tiktokswithtom,,,,
anthonyhopkins,,,,
lauvsongs,,,,
iamtrevordaniel,,,,
tonesandi,,,,
coach,,,,
martinlawrence,,,,
heidiklum,,,,
officialbretmichaels,,,,
sarahsharafff,,,,
maeiiza,,,,
_kid_diana_,,,,
friendcheskaa,,,,
cocoblake,,,,
urfavorite.dilf,,,,
hellok1ttyyyy,,,,
liilozz,,,,
alxcext,,,,
bludnymph,,,,
xo.phiee,,,,
g1rlnextdoor,,,,
angel.moret,,,,
ishiniw,,,,
kailynleeana,,,,
softest.hard,,,,
bakedtofuu,,,,
nataligarciaa,,,,
evegnzalezxo,,,,
iamapaperclip,,,,
makeupjackyluvv,,,,
koleendz,,,,
v.i.e.w_,,,,
vandamnn,,,,
chiaseedxs,,,,
cat.strat,,,,
kianalesliee,,,,
marianaaamunoz,,,,
moniqueidk,,,,
xtina,,,,
mileycyrus,,,,
drphil,,,,
theweeknd,,,,
steveharvey,,,,
usher,,,,
shakira,,,,
mariahcarey,,,,
arnoldschnitzel,,,,
camilacabello,,,,
jw_anderson,,,,
olivier_rousteing,,,,
marcanthony,,,,
daddyyankee,,,,
halsey,,,,
brunomars,,,,
maroon5,,,,
blackeyedpeas,,,,
roddyricch,,,,
eminemtoktik,,,,
lizzo,,,,
marshmellomusic,,,,
justjosiahh,,,,
mynameitsnotdanny,,,,
francesco.cardillo,,,,
glazeddonut.marrr,,,,
seannaltman,,,,
onlystarrr,,,,
yannisbrushes,,,,
icykidwy,,,,
boujiewiggies,,,,
icywyxtt,,,,
sevenishername,,,,
mykynzie,,,,
thecashtwinss,,,,
manntt.ee,,,,
boujeebillyy,,,,
spoiledbabyfood,,,,
barbiezaii,,,,
ohmxrcus,,,,
trevordgarcia,,,,
playerminaj,,,,
hausofsin,,,,
trevvvvor,,,,
rosewolfofficial,,,,
theesnow_,,,,
c_kingss,,,,
zhachanel2,,,,
lynnspirit7,,,,
whatchusaidboutmymamaho,,,,
alexullah,,,,
trevordgarcia,,,,
playerminaj,,,,
celine_bernaerts,,,,
tommythegossippp,,,,
notyouraveragefemboy,,,,
alexx_xjd,,,,
hausofsin,,,,
trevvvvor,,,,
rosewolfofficial,,,,
diegoeei,,,,
victorgiob,,,,
zachwillmore,,,,
nateclipx,,,,
jonathickkkk,,,,
clowniefilms,,,,
katprowess,,,,
sethsanker,,,,
latinofranky,,,,
princemikeyyyy,,,,
adolfo.hu,,,,
inzayne.cosplay,,,,
_sexyrat69_,,,,
biancamaieli,,,,
grizal.fam,,,,
ariyelo,,,,
jordynhvrris2,,,,
saratooperf,,,,
kylaa___,,,,
ryderxburton,,,,
tessandlia,,,,
soupertwins,,,,
mar_zollino,,,,
naturally.lyric,,,,
gavriela_yuval,,,,
fheryferre,,,,
yuenglinglager2,,,,
meeesss_,,,,
marciajean_,,,,
edita_ka,,,,
thecastros_,,,,
saranievess,,,,
raquele000,,,,
khaorem,,,,
xiomara.soto17,,,,
thee.mackkk,,,,
vale.gaia3,,,,
friolerasqueens,,,,
brendavira,,,,
micaseggio,,,,
adaylydia2mamas,,,,
emmatelas33,,,,
steveharvey,,,,
usher,,,,
shakira,,,,
mariahcarey,,,,
arnoldschnitzel,,,,
georgelopez,,,,
dwyanewade,,,,
rachaelray,,,,
tyrabanks,,,,
daddyyankee,,,,
halsey,,,,
brunomars,,,,
maroon5,,,,
maroon5,,,,
blackeyedpeas,,,,
blackeyedpeas,,,,
samsmith,,,,
danielarsham,,,,
marshmellomusic,,,,
bryanboy,,,,
dojacat,,,,
tyga,,,,
josephcastellanos,,,,
big_fat_david_2,,,,
sotey.yon,,,,
thevincentmottola,,,,
jennymartinezzz,,,,
itzasb,,,,
willytube,,,,
itzshiyy,,,,
romanthegoatt,,,,
grandma_inez,,,,
jessmabz,,,,
triniflea,,,,
azizgenerosity,,,,
mileskee2,,,,
joeynjasmin,,,,
gatesroyale.livestream,,,,
papipasillas,,,,
cookingwithlynja,,,,
kthuntley,,,,
hannah._chavez,,,,
brysonthompsonn,,,,
addisonsrea_,,,,
voicesofjake,,,,
mr.brun0,,,,
itstamtak,,,,
80hd344748326,,,,
robotramon,,,,
seteephdgaml,,,,
vlaadzz,,,,
jen.eats3.0,,,,
maseplace,,,,
ramizeinn,,,,
thithevdpdmf,,,,
peterkang0,,,,
alex2bad,,,,
itsdamiong,,,,
killerjonesofficial,,,,
dougthepug,,,,
okay.jerbear,,,,
joseonfleek1,,,,
antnni.t,,,,
vaneamaro91,,,,
el.fresa,,,,
stephanieproano101,,,,
arringtonallen1,,,,
liammillerr,,,,
gordonramsayofficial,,,,
dualipaofficial,,,,
therock,,,,
billnye,,,,
jbalvin,,,,
torifranco1,,,,
alyssa_daniellexo,,,,
towtruck.jess,,,,
tiffsraven,,,,
justbeyou_2019,,,,
anasaba_,,,,
thebareffect,,,,
woodsbyday,,,,
miseleccionmx,,,,
linneahmusic,,,,
mikeycore87,,,,
kris_nicole88,,,,
shina_shae,,,,
court_neyg,,,,
ch0zi,,,,
therealindiandad,,,,
tooshort2__dunk_,,,,
eddudez,,,,
ironsanctuary2,,,,
girlgraphix,,,,
kaitlinstone,,,,
genzforchange,,,,
saremurat18,,,,
dr_jo_,,,,
theofficialjmatt,,,,
o_doylerules,,,,
myextraordinarylife831,,,,
crystalrhodes1,,,,
mr.samoha,,,,
authoravers,,,,
aunt.calei,,,,
thatupchurch,,,,
thesur.realnathan,,,,
lefthandedash,,,,
creeksquad2428,,,,
frostiiy,,,,
6dirtydeedz9official,,,,
thestaceylynn,,,,
aprilmay0479,,,,
emy200320042006,,,,
underqueer,,,,
gemmakaiparry1,,,,
jmlederho,,,,
psychodaddi,,,,
codieleanne,,,,
thegeorgialandscaper2.0,,,,
thatupchurch,,,,
6dirtydeedz9official,,,,
thestaceylynn,,,,
knapi_89,,,,
jallen1505,,,,
aespup,,,,
g1ngervitis,,,,
halfdeadhottie,,,,
ohomeycomb,,,,
gabrielle.quinn,,,,
sativataurus,,,,
vampirebimbocore,,,,
thatsjustbusinessbaby,,,,
dr.rocktopus,,,,
notbethanydecker,,,,
breannakate,,,,
afraidtofart,,,,
janapaige,,,,
toefucugly,,,,
urpunkdream,,,,
jennyyy.z,,,,
notemhettrick,,,,
tiffanyylarson,,,,
andreagzx,,,,
zoechristina,,,,
robitussin.dm,,,,
kayleeboop,,,,
sarahhwaldron,,,,
lilbabybokchoy,,,,
maryyisabel,,,,
manateemailbox,,,,
abigailriojass,,,,
kmskyrsten,,,,
hedgehoghoes,,,,
andreagzx,,,,
zoechristina,,,,
melodybookey,,,,
funkierthanthou,,,,
jumpingspider,,,,
pumpkinspicestiizypod,,,,
robitussin.dm,,,,
kayleeboop,,,,
sarahhwaldron,,,,
lizlovesgarfield,,,,
phuckass,,,,
simonebrown_,,,,
isla.view,,,,
sterlingmonett,,,,
call8005882300empire,,,,
madwhitty,,,,
annemar.e,,,,
sophiparenteau,,,,
willsmith,,,,
imkevinhart,,,,
selenagomez,,,,
snoopdogg,,,,
darthraven_,,,,
distractedleo,,,,
bearscampsite,,,,
evangelinefisk,,,,
christinazhuu,,,,
grayvictoria,,,,
technicolorghost,,,,
akpres3,,,,
thatdancerpayge,,,,
definitelynotsarah,,,,
notumbrella,,,,
_hairy_mary_,,,,
rioticon,,,,
maddiwouldlikefacetime,,,,
abigailastjohn,,,,
edemalfoy,,,,
mjeebs,,,,
iconicbram,,,,
_graciegirl,,,,
willthrowassforbernie,,,,
sara_carolime,,,,
milfswelcome,,,,
moonie.sama,,,,
amycgreener,,,,
warmhugsandflowers,,,,
ellenvill,,,,
trashjuice.69,,,,
userspicybabybbq,,,,
mayadoran,,,,
heylol1120,,,,
richmom,,,,
ceosoftsoap,,,,
qlurdeane,,,,
fionaamaee,,,,
www.barb.com,,,,
eelcereal,,,,
juliasuselesshauls,,,,
c1orox,,,,
mooniebits,,,,
ellajanemusic,,,,
sc00bied00bie,,,,
lee_b3,,,,
ayfarmy,,,,
postmalone,,,,
xtina,,,,
mileycyrus,,,,
drphil,,,,
arnoldschnitzel,,,,
georgelopez,,,,
dwyanewade,,,,
rachaelray,,,,
thespacegal,,,,
drliv,,,,
rachaelwilsonmusic,,,,
merissaria,,,,
ms.writer13,,,,
sarahmaddack,,,,
maistorybook,,,,
gillianmargonis,,,,
renatifitcpt,,,,
loganalexandramusic,,,,
k1nneret,,,,
courtneyjags,,,,
laetdecaru,,,,
erika.fies,,,,
nursehadley,,,,
princess_zeldin,,,,
chicagocuddletherapy,,,,
scarlettohair,,,,
thekathpath,,,,
sassyrededu,,,,
seaarose,,,,
skyaboveme,,,,
smokeseshshawty,,,,
once.upon.a.mama,,,,
itsmillywonka,,,,
christi.steyn,,,,
nicstikqueen,,,,
k.wamp,,,,
janaiapeace,,,,
chicagocuddletherapy,,,,
scarlettohair,,,,
thekathpath,,,,
sassyrededu,,,,
debiderryberry,,,,
samjtodd,,,,
elliebreeden5,,,,
seaarose,,,,
skyaboveme,,,,
smokeseshshawty,,,,
therealmrs.claus,,,,
dev_lemons,,,,
mackickinforward,,,,
corinaboettger,,,,
ninjagobabe2001,,,,
loanthebadass,,,,
chrissychlapecka,,,,
acaffeinateddesi,,,,
foster_mom,,,,
revkariaolson,,,,
miss__shauna,,,,
harrisonhow,,,,
froggie_shroom,,,,
theoriginalolive,,,,
kalvingarrah,,,,
lawrence_bing,,,,
cegjeg,,,,
milothemyth,,,,
666grayson,,,,
psherman42wallaby,,,,
jappomutt,,,,
mollybethh_lit,,,,
ghost.zone,,,,
evenjxh,,,,
quinoahtyler,,,,
tooqueertobehere,,,,
jayden_julius,,,,
turtleking7777,,,,
hoddy,,,,
jr.mcr,,,,
cory_peter,,,,
colt_mccannon,,,,
ryan.tk,,,,
6peppapig9,,,,
johnathonmiranda,,,,
charlieallan164,,,,
xocory,,,,
drunkcrier,,,,
_red_ray_,,,,
ambsoto,,,,
methblunt,,,,
cunflicted,,,,
big_boi_tahj,,,,
mikiratsula,,,,
boysmellclub,,,,
teefforkeef,,,,
kennard_anneth,,,,
ft_joey,,,,
babydog2000,,,,
creatorjaylen,,,,
dantaylor806,,,,
acerensi,,,,
nicetsukki,,,,
kana_blender,,,,
samuelrb5,,,,
biggest_disappointment.x,,,,
gordonramsayofficial,,,,
willsmith,,,,
imkevinhart,,,,
therock,,,,
billnye,,,,
jbalvin,,,,
jlo,,,,
user2824369597973,,,,
livingkingg,,,,
anggelzz,,,,
thejaydamarie0,,,,
alfredlewislll,,,,
x.therealguttak,,,,
therealylblenny,,,,
darealfundipp,,,,
iamangelbabyy,,,,
stackinbarbie,,,,
kidderik,,,,
khaithefinesttv,,,,
treywitda.tea,,,,
dragojayy,,,,
smurftz2,,,,
jastondior,,,,
thebratzdolldior,,,,
thefam0us.jay,,,,
joshualang27,,,,
weluvguttak_,,,,
thanotoriousbxtch,,,,
_baddieedee2,,,,
keisking__,,,,
kennceited,,,,
taxxfreezae,,,,
saintwest96,,,,
treydelarris,,,,
that_guy_lucass,,,,
officialcjthetrainer,,,,
gigiitheblackbarbie,,,,
adonisandkalil1000,,,,
cortlin.allen,,,,
henotmetho,,,,
riostellaa,,,,
juststaya1,,,,
1santanaworld,,,,
letemknowmarco,,,,
jazlynwestbroook,,,,
riccarius,,,,
juviavalentines,,,,
the0fficialmir,,,,
borntobeaprodigy0,,,,
princessmehgan,,,,
igtwink,,,,
glothekid,,,,
greenjhitt,,,,
therealblackhype,,,,
tydamfngoat,,,,
creatorofeeeeyeahhhh,,,,
moonlitxboy,,,,
dhatboiitre,,,,
hannah.ducky,,,,
tt2wavy,,,,
skylerwashere,,,,
elizabethfia,,,,
bria._0,,,,
kristen.lott,,,,
smerkelz11,,,,
julissaisgone_,,,,
anna.talb,,,,
bink.z,,,,
alishiapaige,,,,
babyygracii,,,,
jesshsll,,,,
georgiaplumb,,,,
monetlewis2,,,,
miaaaculver,,,,
kellarkin,,,,
selenagomez,,,,
snoopdogg,,,,
justinbieber,,,,
jbalvin,,,,
jlo,,,,
postmalone,,,,
xtina,,,,
mileycyrus,,,,
drphil,,,,
theweeknd,,,,
steveharvey,,,,
usher,,,,
selenagomez,,,,
snoopdogg,,,,
justinbieber,,,,
dualipaofficial,,,,
therock,,,,
billnye,,,,
jbalvin,,,,
jlo,,,,
postmalone,,,,
georgelopez,,,,
dwyanewade,,,,
halsey,,,,
brunomars,,,,
maroon5,,,,
blackeyedpeas,,,,
samsmith,,,,
danielarsham,,,,
madonna,,,,
eminemtoktik,,,,
lizzo,,,,
marshmellomusic,,,,
bryanboy,,,,
raqueeeldv,,,,
eladiareyes,,,,
_purpurinunicorn_,,,,
freakyey,,,,
irelopezz,,,,
andreaa_lala,,,,
freexana,,,,
notjavirebo,,,,
majepenya,,,,
lunimiranda,,,,
iitts.aleee,,,,
mariiapabloos,,,,
cota.dz,,,,
luci_fdez,,,,
xana_palacios,,,,
paularoldan_28,,,,
ttherdz,,,,
olivia.sanz,,,,
aledvd,,,,
sofpaglilla.fotografia,,,,
fatisindes,,,,
sarafructuoso__,,,,
latatakiara,,,,
snezhana.dmitrievaa,,,,
virgenannita,,,,
aiguadvalencia,,,,
babychaufan,,,,
sandraaamh,,,,
elisabethpalermruiz,,,,
nereadays,,,,
danielamilagrosok,,,,
candela.urrea,,,,
catabuzzio,,,,
naomiparra__,,,,
claradouuuu,,,,
laurarouder,,,,
ratagotica69,,,,
vanessgrc,,,,
mardismardis,,,,
danielasirena3,,,,
bannanitas,,,,
raquelferrando.es,,,,
annaoufoc_18,,,,
withjulia,,,,
shei.nutricionista,,,,
tatianakaer,,,,
yuribauvez,,,,
selenagomez,,,,
snoopdogg,,,,
justinbieber,,,,
dualipaofficial,,,,
alleyballyfeefifofally,,,,
gracejohanna,,,,
casiekmuse,,,,
elliebelle200,,,,
iamleahlarosa,,,,
frankoceanwhereareyou,,,,
aubreynorriss,,,,
sgravesss,,,,
littlelium,,,,
addymarieee,,,,
laurwertner,,,,
notmalehair,,,,
mimisilver,,,,
taylornichole,,,,
ellamac003,,,,
camisurro,,,,
aubriecan,,,,
notmarianava,,,,
lilhoppytoe,,,,
nicolefaith___,,,,
annamariebru,,,,
ashlynnlemoss,,,,
carodeery,,,,
bananacowgirl,,,,
baddiebarter,,,,
murryjolly,,,,
brookegherrin,,,,
dailey_w,,,,
jillsherrard,,,,
claudiinator,,,,
calyxharmony,,,,
andreakatethegr8,,,,
jlo,,,,
postmalone,,,,
xtina,,,,
mileycyrus,,,,
drphil,,,,
theweeknd,,,,
mariahcarey,,,,
arnoldschnitzel,,,,
georgelopez,,,,
dwyanewade,,,,
rachaelray,,,,
tyrabanks,,,,
camilacabello,,,,
jw_anderson,,,,
olivier_rousteing,,,,
daddyyankee,,,,
daddyyankee,,,,
halsey,,,,
brunomars,,,,
calllmemommy,,,,
taylorjordanwhiteley,,,,
heathermccall20,,,,
domandbrittx,,,,
nosaltjustlime,,,,
allisoncadrette,,,,
lilly27sings,,,,
vandyke.twins,,,,
maddimts,,,,
virginijakezelyte,,,,
mikshields,,,,
ohhbobs,,,,
desidyke,,,,
jscheff99,,,,
kfoleeeey,,,,
whatevheather,,,,
arnoldschnitzel,,,,
georgelopez,,,,
dwyanewade,,,,
rachaelray,,,,
marcanthony,,,,
daddyyankee,,,,
halsey,,,,
brunomars,,,,
maroon5,,,,
blackeyedpeas,,,,
samsmith,,,,
danielarsham,,,,
madonna,,,,
therock,,,,
billnye,,,,
jbalvin,,,,
jlo,,,,
postmalone,,,,
xtina,,,,
mileycyrus,,,,
drphil,,,,
theweeknd,,,,
georgelopez,,,,
dwyanewade,,,,
rachaelray,,,,
tyrabanks,,,,
camilacabello,,,,
anthonyhopkins,,,,
lauvsongs,,,,
iamtrevordaniel,,,,
tonesandi,,,,
coach,,,,
martinlawrence,,,,
heidiklum,,,,
officialbretmichaels,,,,
haileyandkiki,,,,
ashhmikaylaa,,,,
wallislilyday,,,,
bethanyciotola,,,,
paigeandhollyofficial,,,,
butterflybri23,,,,
xomissdanielle,,,,
baybeofficial,,,,
twocanadiangeese,,,,
crystal.lindy,,,,
zadorozthna,,,,
meredithallenxvx,,,,
lynxdisease,,,,
vvictoriajanex,,,,
sophiepecoramusic,,,,
iamauroramusic,,,,
__tukoi__,,,,
emileegus,,,,
v.for.ven,,,,
briannajoywhite,,,,
costebilly,,,,
basechkaa,,,,
britneekent,,,,
alanamorello1,,,,
the.killer.rabbit,,,,
morganjoycexo,,,,
jessmclements,,,,
dis.__.grace,,,,
realiomiamaples,,,,
theweeknd,,,,
steveharvey,,,,
usher,,,,
shakira,,,,
mariahcarey,,,,
arnoldschnitzel,,,,
georgelopez,,,,
dwyanewade,,,,
rachaelray,,,,
marcanthony,,,,
daddyyankee,,,,
halsey,,,,
brunomars,,,,
maroon5,,,,
blackeyedpeas,,,,
daddyyankee,,,,
halsey,,,,
brunomars,,,,
katyperry,,,,
roddyricch,,,,
eminemtoktik,,,,
lizzo,,,,
_js18,,,,
kelssolegit,,,,
aneyburki,,,,
untilwereghosts,,,,
lauren_holsen,,,,
minastosic,,,,
couchvore,,,,
haleylee2,,,,
alexxisbrielle,,,,
oliviaoliveoliver,,,,
brianalawley,,,,
sugardxddy._,,,,
aliyahhforney,,,,
keebrzy,,,,
playboi.tess,,,,
saryromero26,,,,
usher,,,,
shakira,,,,
mariahcarey,,,,
arnoldschnitzel,,,,
camilacabello,,,,
jw_anderson,,,,
olivier_rousteing,,,,
marcanthony,,,,
daddyyankee,,,,
halsey,,,,
brunomars,,,,
maroon5,,,,
blackeyedpeas,,,,
roddyricch,,,,
eminemtoktik,,,,
lizzo,,,,
marshmellomusic,,,,
bryanboy,,,,
dojacat,,,,
tyga,,,,
ozuna,,,,
parishilton,,,,
camerondiaz,,,,
officialreesetiktok,,,,
djkhaled,,,,
aliciakeys,,,,
joejonas,,,,
jessicaalba,,,,
coldplay,,,,
jonasbrothers,,,,
diplo,,,,
ludacrisdtp,,,,
anthonyhopkins,,,,
lauvsongs,,,,
iamtrevordaniel,,,,
official_riamber,,,,
crystalseurer,,,,
nikkidarling94,,,,
craftsbydiane,,,,
_barbiegirl24,,,,
bratdollxx,,,,
sweavy.baby,,,,
dianedimples77,,,,
celineldl,,,,
lindsay_j_21,,,,
isabellafigueira.oficial,,,,
thestranges_,,,,
thenickiwildflowerway,,,,
bachmannr10,,,,
bellehassan,,,,
jheneaiko,,,,
archer_vibes40,,,,
alyssarihanna,,,,
jenellelevans,,,,
bhadbhabie,,,,
caseyosborne6,,,,
browsbyyael,,,,
_badgalci,,,,
brittanielynnnn,,,,
amandaleefago,,,,
perfectlykobe,,,,
anthonybonenfant,,,,
kadymcdermott,,,,
mariinemtz,,,,
serenatatapolito,,,,
gracekellymcguire,,,,
karen_elodie11,,,,
mrs.wahlberg,,,,
shakira,,,,
mariahcarey,,,,
arnoldschnitzel,,,,
georgelopez,,,,
dwyanewade,,,,
olivier_rousteing,,,,
marcanthony,,,,
daddyyankee,,,,
halsey,,,,
brunomars,,,,
maroon5,,,,
blackeyedpeas,,,,
samsmith,,,,
danielarsham,,,,
samsmith,,,,
danielarsham,,,,
madonna,,,,
katyperry,,,,
xxraven.oliviaxx.14,,,,
adhemz,,,,
djellieb,,,,
baileysupremacy,,,,
melaniedernoga17,,,,
riana.nicole,,,,
barrierose,,,,
urboygutii,,,,
alexgriswold,,,,
brandyrosetv,,,,
christianglamlopez,,,,
justyngee,,,,
steven_pham_,,,,
jorobe,,,,
rachelboman,,,,
jennytipton_,,,,
sarayoung18,,,,
localjewishteen,,,,
bigdognyc,,,,
clair_hawkins,,,,
alispagnola,,,,
.maya.pinion,,,,
honeybykait,,,,
deysofficial,,,,
jorimezuda,,,,
laparasian,,,,
lane_what876,,,,
benitajadah,,,,
76thstreetofficial,,,,
camilasu,,,,
danielswall,,,,
kuyachrisf,,,,
melancholymadhouse,,,,
snerixx,,,,
cosplayishope,,,,
brandonguss,,,,
itskidaustin,,,,
emmafromspace,,,,
causewhynot441,,,,
larz_artistry,,,,
jona_pottger,,,,
gretajaime,,,,
ayrtonwray,,,,
percyray12,,,,
mac.at.it,,,,
xpieerd,,,,
eatitkatie,,,,
snerixx,,,,
cosplayishope,,,,
brandonguss,,,,
itskidaustin,,,,